a,ln,ln/h,s,f'c,Dl,fyl,Dt,fyt,a/d,s/d,nu,rho_l,rho_t,rholfyl/fc,rhotfyt/fc,tau/fc,s/Dl,Vp/Vn,Ag/Ao,DS1,DS2,DS3,DS4,Vy,Vu,DS4/DS2
300,600,3,35,22,13,371,5,344,1.703093954,0.198694295,0.170327802,0.012667687,0.006788084,0.217393475,0.108014217,0.163855283,2.755905512,0.561332431,0.666666667,0.005836723,0.011673447,0.020692667,0.034381731,73.01,83.08,2.945293897
455,910,2.98,210,30,19,462,6,414,1.720189792,0.79395085,0.103658178,0.024383014,0.001507082,0.376432574,0.020849472,0.068676896,11.05309697,1.469968588,1.550416668,0.003853092,0.007706184,0.018562158,,120.82,213.6,
500,500,2.5,100,20,16,524,7,351,2.941132527,0.588227682,0.19220768,0.01979334,0.003318314,0.507650164,0.057111184,0.093275805,6.299212598,0.975118356,0.666664,0.002781121,0.005562242,0.011237998,0.014943209,43.43,87.75,2.686544343
500,500,2.5,100,22,16,358,7,316,2.941132527,0.588227682,0.447432834,0.0283506,0.003318314,0.463245673,0.047756528,0.091207427,6.249218848,0.800518642,0.666664,0.001874139,0.003748277,0.009820168,0.014777747,73.76,104.32,3.942543702
500,500,2.5,100,22,16,358,7,316,2.941132527,0.588227682,0.447432834,0.038000983,0.003318314,0.620931865,0.047756528,0.103110103,6.249218848,0.854845058,0.666664,0.002465885,0.00493177,0.008232156,0.012112587,88.04,106.29,2.456032353
1485,1485,2.7,300,45,25,445,11,425,3.11891171,0.630089284,0.132254979,0.019779632,0.001210766,0.195431573,0.011425249,0.037673204,11.90627381,1.042970081,5.041879336,0.002567756,0.005135512,0.009730774,0.016936437,391.67,503.58,3.29790597
1219,2438,4,127,38,19,324,6,358,2.133333333,0.222222222,0.053998177,0.025310683,0.001246586,0.21612722,0.011776796,0.047826847,6.666666667,1.098512568,4.129024,0.005439882,0.010879765,0.028083333,0.028968218,490.26,545.35,2.662577664
1000,1000,2.86,150,30,25,453,10,470,3.278552975,0.49178393,0.162208712,0.03205487,0.00299189,0.480412503,0.046522769,0.054304658,5.999999997,0.947186315,2.041806669,0.003516701,0.007033401,0.022820168,0.047483297,95.45,242.29,6.751114675
400,800,4,40,23,13,361,6,364,2.28563135,0.228563592,0.346457572,0.026546564,0.007068598,0.416596324,0.111740312,0.153481409,3.076923075,0.618121233,0.666664,0.005561629,0.011123258,0.021320168,0.039446837,102.56,122.33,3.546338332
400,800,4,50,23,13,361,6,364,2.28563135,0.28570449,0.208082626,0.026546564,0.005654878,0.416596324,0.089392243,0.115251945,3.846153843,0.72437803,0.666664,0.006005788,0.012011577,0.03016002,0.053595686,91.55,104.18,4.462002524
1219,1219,2.67,406,22,25,434,9,400,3.069486405,1.023162135,0,0.018786568,0.000953712,0.371982138,0.017404524,0.01994834,16.25599999,1.945088683,6.967728,0.001943937,0.003887874,0.01286041,0.022480682,287.35,369.45,5.782255439
400,800,4,60,20,13,361,6,364,2.28563135,0.342845388,0.346147648,0.026546564,0.007068598,0.474891373,0.127376328,0.116713343,4.615384611,0.604318952,0.666664,0.005006166,0.010012332,0.020699771,0.051854868,91.89,110.95,5.17909977
400,800,4,75,20,13,361,6,364,2.28563135,0.428556735,0.207896485,0.026546564,0.005654878,0.474891373,0.101901055,0.100215419,5.769230766,0.713582037,0.666664,0.005823175,0.01164635,0.030640081,0.054469776,92.6,100.74,4.67698239
1473,2946,6.44,457,28,32,331,9,400,3.741935484,1.161290323,0.262135599,0.030396366,0.000678195,0.364224872,0.009818066,0.034483145,14.37735849,1.507681629,3.483864,0.003322631,0.006645262,0.020771034,0.024399479,230.54,316.99,3.67171069
1473,2946,6.44,305,28,32,331,9,400,3.741935484,0.774193548,0.262135599,0.030396366,0.001736519,0.364224872,0.025139167,0.041949007,9.58490566,1.006828297,3.483864,0.004611952,0.009223904,0.022671724,0.040037021,206.21,318.99,4.340572347
1473,2946,6.44,457,27,32,331,10,400,3.74,1.161290323,0.09,0.0303,0.00068,0.372604659,0.010104186,0.025176232,14.4,1.923889382,3.483864,0.003591381,0.007182762,0.020363793,0.026055945,202.88,241.99,3.627566396
600,1200,4,100,31,13,409,6,392,2.353023209,0.392170535,0.200044894,0.017710781,0.001881446,0.235749982,0.024003163,0.068164241,7.689453125,0.941455627,1.499994,0.006180668,0.012361335,0.040600288,,197.34,214.69,
600,1200,4,150,31,13,409,6,392,2.353023209,0.588305608,0.200044894,0.017710781,0.001254191,0.235749982,0.016000752,0.068629009,11.53515625,1.034999284,1.499994,0.005238604,0.010477209,0.020120227,,152.27,200.99,
1500,1500,2.14,300,35,20,400,6,400,2.347737934,0.469547587,0.150948514,0.014639565,0.000593634,0.167166459,0.006778596,0.053471015,15.37890625,1.041437217,4.083020673,0.002791057,0.005582113,0.010310021,0.012244379,415.21,507.48,2.193502332
1500,1500,2.14,300,42,20,400,11,400,2.366933868,0.473386774,0.14659341,0.014639565,0.00191047,0.139305382,0.018179417,0.042607324,15.37890625,0.839006708,4.083020673,0.00092202,0.00184404,0.007281348,0.016729624,462.92,552.16,9.072268144
650,650,2.17,70,33,16,380,6,396,2.500097694,0.269245799,0.030245675,0.026815067,0.00269224,0.307943884,0.032259773,0.047291486,4.374603175,0.984609212,1.499994,0.003139214,0.006278428,0.01472128,0.030572283,158.92,185.09,4.869416897
1219,1219,1.33,406,16,25,434,9,400,1.426966292,0.475655431,0,0.018786568,0.000762969,0.509150551,0.019057939,0.079853748,16.25599999,1.473572604,6.967728,0.001407183,0.002814365,0.0071286,0.009059652,311.42,604.52,3.219074641
1050,1050,3.5,150,36,16,396,6,426,4.038589293,0.576983197,0.027478694,0.026815067,0.001256318,0.291769688,0.014714648,0.029306466,9.374603175,1.100474476,1.499994,0.002484568,0.004969135,0.009885614,0.014934756,88.8,118.79,3.005503995
900,900,3,75,27,19,387,9,355,3.529534814,0.294152804,0.26005719,0.038206167,0.006099095,0.547154144,0.080123333,0.077049907,3.926861702,0.696559201,1.499994,0.002563632,0.005127264,0.02136,0.054284905,158.06,205.89,10.58750029
900,900,3,75,27,19,387,9,355,3.529534814,0.294152804,0.26005719,0.038206167,0.006099095,0.547154144,0.080123333,0.101096846,3.926861702,0.696559201,1.499994,0.005206088,0.010412175,0.01989,0.032143504,170.78,196.59,3.087107482
1200,1200,2.18,80,23,24,375,10,297,2.459016393,0.163934426,0.259797524,0.017946023,0.007139983,0.291082791,0.091721399,0.091161203,3.333333332,0.548115019,5.041666668,0.002581421,0.005162842,0.018815833,,598.74,651.38,
1200,1200,2.18,75,41,24,375,12,316,2.459016393,0.153688525,0.214044864,0.017946023,0.010967014,0.16241576,0.083638101,0.083530448,3.125,0.48351787,5.041666668,0.001433058,0.002866116,0.006869417,,534.61,735.09,
1200,1200,2.18,75,21,24,375,10,297,2.459016393,0.153688525,0.420112683,0.017946023,0.007615982,0.31420619,0.105608192,0.113400942,3.125,0.48157388,5.041666668,0.000885158,0.001770315,0.00566,,344.23,619.62,
1200,1200,2.18,62,23,24,375,12,294,2.459016393,0.12704918,0.600097106,0.017946023,0.01326655,0.28612819,0.165831294,0.129138482,2.583333333,0.287614519,5.041666668,0.001400967,0.002801933,0.0130325,,548.74,696.48,
1600,1600,4,100,24,16,427,12,320,4.500703235,0.281293952,0.380115565,0.015079645,0.011309734,0.272606378,0.153221387,0.097313951,6.249999998,0.242393815,2.666666668,0.001939287,0.003878574,0.01275375,,123.73,185.59,
1600,1600,4,90,25,16,427,10,280,4.450625869,0.250347705,0.210046298,0.015079645,0.008726646,0.257340421,0.097654982,0.071219145,5.624999999,0.335470012,2.666666668,0.002242016,0.004484031,0.012384375,,117.31,163.57,
1600,1600,4,85,46,16,446,7,364,4.301075269,0.228494624,0.100022047,0.015079645,0.004527589,0.144511379,0.03541151,0.026205703,5.312499999,0.465850512,2.666666668,0.002934073,0.005868147,0.0365175,,171.04,192.42,
1000,1000,2,254,33,13,323,9,258,2.224670348,0.565066268,0,0.021237166,0.002003693,0.207061861,0.015628767,0.026795223,19.53846152,0.948822742,4.166666667,0.001943466,0.003886933,0.0108,0.02380001,244.3,350.51,6.123082165
1600,1600,4,78,44,16,446,8,360,4.312668464,0.210242588,0.300066141,0.015079645,0.004527589,0.152722253,0.03701228,0.038946415,4.874999999,0.440230871,2.666666668,0.00184517,0.00369034,0.010535,0.024889059,193.66,270.03,6.744380453
1600,1600,4,91,44,16,446,7,364,4.301075269,0.244623656,0.300066141,0.015079645,0.006444293,0.152722253,0.053266359,0.033281916,5.687499998,0.55378347,2.666666668,0.001559532,0.003119064,0.009363125,0.024476984,176.16,256.47,7.847542316
1600,1600,4,94,40,16,446,6,255,4.289544236,0.252010724,0.300066141,0.015079645,0.003007908,0.167994478,0.019159041,0.029776291,5.874999999,0.731304451,2.666666668,0.002026771,0.004053542,0.01096,0.023113542,191.3,245.96,5.702060833
1600,1600,4,117,28,16,440,10,466,4.33604336,0.317073171,0.223105714,0.015079645,0.006712805,0.234253658,0.110441561,0.057955529,7.312499999,0.29670194,2.666666668,0.002395493,0.004790985,0.0139525,0.055103462,135.48,206.34,11.501489
1600,1600,4,92,40,16,440,10,466,4.335903084,0.249311674,0.390050406,0.015083475,0.008537031,0.165363149,0.099123682,0.067367598,5.749206349,0.28632041,2.666656,0.002739948,0.005479896,0.023428172,,234.17,263.44,
1600,1600,4,81,41,16,474,8,372,4.312668464,0.218328841,0.500110234,0.015079645,0.006205615,0.174186553,0.056256529,0.048261479,5.062499999,0.374486471,2.666666668,0.00215011,0.004300221,0.007979375,0.023694206,202.76,271.26,5.509997563
1600,1600,4,96,40,16,474,6,388,4.289544236,0.257372654,0.500110234,0.015079645,0.002945243,0.178541217,0.028544464,0.043885689,5.999999998,0.523080905,2.666666668,0.001904736,0.003809472,0.00770875,0.016525295,215.92,270.58,4.337949394
1600,1600,4,96,42,16,474,12,308,4.359673025,0.261580381,0.700154328,0.015079645,0.011780972,0.170039254,0.086320028,0.077912229,5.999999998,0.198760035,2.666666668,0.00092293,0.001845861,0.005620562,,137.3,238.47,
1600,1600,4,77,39,16,474,8,372,4.312668464,0.20754717,0.700154328,0.015079645,0.006527985,0.183119197,0.062213768,0.06878008,4.812499999,0.249265488,2.666666668,0.001579563,0.003159127,0.007881875,0.009922325,189.55,257.06,3.140844146
1600,1600,4,52,40,16,474,12,308,4.359673025,0.141689373,0.700154328,0.015079645,0.021749488,0.178541217,0.167328064,0.094585213,3.249999998,0.127377596,2.666666668,0.002511828,0.005023656,0.016430625,0.02522939,230.91,272.15,5.022117153
1000,1000,2,254,32,13,323,9,258,2.224670348,0.565066268,0,0.021237166,0.002003693,0.216070227,0.016308707,0.031764796,19.53846152,0.960293001,4.166666667,0.001826364,0.003652727,0.00738,0.016600581,202.06,408.24,4.544708474
1600,1600,4,80,26,20,474,12,333,4.733727811,0.236686391,0.199995255,0.015707963,0.010602875,0.290594419,0.137802448,0.074669562,3.999999999,0.262559622,2.666666668,0.002505648,0.005011296,0.013259375,0.043870096,98.89,157.9,8.75424073
1600,1600,4,80,26,20,474,12,333,4.733727811,0.236686391,0.199995255,0.015707963,0.010602875,0.290594419,0.137802448,0.074669562,3.999999999,0.262559622,2.666666668,0.002317978,0.004635956,0.013109375,0.048039074,107.98,157.21,10.36228074
1600,1600,4,80,26,20,474,12,333,4.733727811,0.236686391,0.199995255,0.015707963,0.010602875,0.290594419,0.137802448,0.106051956,3.999999999,0.262559622,2.666666668,0.005490762,0.010981524,0.0228125,,104.99,157.48,
1600,1600,4,80,26,20,474,12,333,4.733727811,0.236686391,0.199995255,0.015707963,0.010602875,0.290594419,0.137802448,0.074669562,3.999999999,0.262559622,2.666666668,0.002104404,0.004208808,0.012154375,0.035121533,108.99,166,8.344770052
1650,1650,3,110,32,20,511,12,325,3.381147541,0.225409836,0.100022047,0.012462516,0.00747751,0.198840879,0.075878617,0.044937926,5.499999998,0.383372325,5.041666668,0.003162958,0.006325916,0.045033333,,325.73,374.96,
1650,1650,3,110,32,20,511,12,325,3.381147541,0.225409836,0.100022047,0.012462516,0.00747751,0.198840879,0.075878617,0.044937926,5.499999998,0.383372325,5.041666668,0.003102914,0.006205828,0.027122424,0.067935657,328.66,396.8,10.94707434
1650,1650,3,90,32,20,511,12,325,3.381147541,0.184426229,0.300996098,0.012462516,0.009139179,0.198840879,0.092740533,0.077912399,4.499999999,0.388628727,5.041666668,0.001995445,0.003990889,0.012441212,,301.51,552.78,
1650,1650,3,90,32,20,511,12,325,3.381147541,0.184426229,0.300058415,0.012462516,0.009139179,0.198221437,0.092451622,0.084816114,4.499999999,0.38903089,5.041666668,0.004400839,0.008801678,0.017115152,,537.97,537.97,
375,750,3,32,21,9,392,5,323,1.76970269,0.15101463,0.333277345,0.00680469,0.00890936,0.129640777,0.139576027,0.15376482,3.368421054,0.430492769,1.041666667,0.002001771,0.004003542,0.015477867,,118.78,158.91,
1219,2438,6,127,34,19,469,6,324,3.310344828,0.344827586,0.059436737,0.025310683,0.000831058,0.343884448,0.007804168,0.033885267,6.666666667,1.446303775,4.129024,0.004762329,0.009524658,0.014485417,0.018174147,462.02,601.84,1.908115354
1600,1600,4,100,25,19,362,9,325,4.571428571,0.285714286,0.032013105,0.014176437,0.003180863,0.206753564,0.041649104,0.044223347,5.263157895,0.422882918,2.666666668,0.003147988,0.006295977,0.03097375,,94.28,101.46,
320,640,4,40,21,9,341,5,558,2.323049002,0.290381125,0.799939356,0.022150683,0.006135923,0.357674574,0.16241954,0.209520537,4.210526317,0.240901728,0.426666667,0.005394425,0.01078885,0.021624375,0.043970159,41.95,60.19,4.075518565
750,1500,6,50,28,13,374,5,506,3.323731442,0.221582096,0.105485617,0.016214639,0.003801327,0.217171937,0.068882764,0.066713329,3.937007874,0.451870224,1.041666667,0.005108796,0.010217592,0.0346,0.104362902,66.34,76.37,10.21404108
750,1500,6,50,28,13,374,5,506,3.69185331,0.246123554,0.105485617,0.016214639,0.003801327,0.217171937,0.068882764,0.060061213,3.937007874,0.441672852,1.041666667,0.003787766,0.007575533,0.023064,0.097895885,59.66,79.82,12.92264041
750,1500,6,50,28,13,374,5,506,3.69185331,0.246123554,0.105485617,0.016214639,0.003801327,0.217171937,0.068882764,0.060061213,3.937007874,0.441672852,1.041666667,0.005108796,0.010217592,0.0346,0.104362902,66.34,76.37,10.21404108
750,1500,6,50,28,13,374,5,506,3.69185331,0.246123554,0.105542977,0.016214639,0.003801327,0.217171937,0.068882764,0.060064205,3.937007874,0.441714359,1.041666667,0.001873703,0.003747406,0.006386667,0.032971852,188.65,242.55,8.798578939
1219,2438,6,127,32,19,469,6,324,3.310344828,0.344827586,0.063231742,0.025310683,0.000831058,0.36584129,0.00830246,0.035357689,6.666666667,1.45755379,4.129024,0.004177527,0.008355054,0.010877083,0.012550215,607.13,724.17,1.502110543
500,500,2.5,35,86,13,399,6,328,2.798947817,0.195933457,0.400031691,0.031669344,0.01615344,0.147541009,0.061846677,0.050666698,2.756,0.518761875,0.666664,0.00281056,0.005621121,0.009580019,0.049457877,188.65,242.55,8.798578939
500,500,2.5,35,86,13,399,6,792,2.798768542,0.195913798,0.400029832,0.038003061,0.016156762,0.177048503,0.149242386,0.081141465,2.755905512,0.298293348,0.666666667,0.002724411,0.005448822,0.03064,,203.02,228.4,
500,500,2.5,35,86,13,399,6,328,2.798947817,0.195933457,0.629079594,0.038003213,0.01615344,0.177049211,0.061846677,0.071473828,2.756,0.369261952,0.666664,0.002676157,0.005352314,0.016420033,0.02025908,188.02,221.59,3.785106964
500,500,2.5,35,86,13,399,6,792,2.798768542,0.195913798,0.629076818,0.038003061,0.016156762,0.177048503,0.149242386,0.085092298,2.755905512,0.215977727,0.666666667,0.002890603,0.005781206,0.0251,0.054663984,207.71,241.92,9.455464166
500,500,2.5,35,116,13,399,6,328,2.798768542,0.195913798,0.253941984,0.038003061,0.016156762,0.131028124,0.045780227,0.037952492,2.755905512,0.63162972,0.666666667,0.002623232,0.005246465,0.0106,0.058051692,117.02,236.43,11.06491623
500,500,2.5,35,116,13,399,6,792,2.798768542,0.195913798,0.253941984,0.038003061,0.016156762,0.131028124,0.110449676,0.058170587,2.755905512,0.355911468,0.666666667,0.005382126,0.010764253,0.0207,0.082548769,225.44,245.26,7.668787701
500,500,2.5,35,116,13,399,6,328,2.798768542,0.195913798,0.423020704,0.038003061,0.016156762,0.131028124,0.045780227,0.046264098,2.755905512,0.541105981,0.666666667,0.002540242,0.005080483,0.01008,0.02789015,214.68,265.67,5.489664814
500,500,2.5,35,116,13,399,6,792,2.798768542,0.195913798,0.423020704,0.038003061,0.016156762,0.131028124,0.110449676,0.064083677,2.755905512,0.31904412,0.666666667,0.003195579,0.006391158,0.02104,0.060445225,266.86,275.2,9.457633331
500,1000,4,60,99,13,379,5,773,2.323960028,0.278875203,0.349986692,0.024321959,0.005235988,0.092564339,0.040695421,0.057700884,4.724409448,0.654041584,1.041666667,0.00518755,0.0103751,0.02058,0.038625586,314.46,370.61,3.722911967
500,1000,4,40,99,13,379,5,773,2.323960028,0.185916802,0.349986692,0.024321959,0.007853982,0.092564339,0.061043131,0.064899057,3.1496063,0.540810842,1.041666667,0.005400359,0.010800717,0.041028,,335.15,385.81,
800,800,2.67,250,33,16,380,6,396,3.07698225,0.961556953,0.03076553,0.026808257,0.000753982,0.312880086,0.009181744,0.025620654,15.62304712,1.806117742,1.499999999,0.002625513,0.005251025,0.00990625,0.015788088,92.55,107.79,3.006667745
500,1000,4,60,99,13,379,5,344,2.329373399,0.279524808,0.349986692,0.024321959,0.006335545,0.092564339,0.021885091,0.050450762,4.724409448,0.811657909,1.041666667,0.005089807,0.010179613,0.02265,0.038094793,295.72,385.21,3.742263262
500,1000,4,60,99,13,379,5,1125,2.323960028,0.278875203,0.349986692,0.024321959,0.005235988,0.092564339,0.059202899,0.051958965,4.724409448,0.549413153,1.041666667,0.005217282,0.010434564,0.02013,0.06395037,315.47,367.43,6.128705789
500,1000,4,30,99,13,379,5,773,2.323960028,0.139437602,0.349986692,0.024321959,0.010471976,0.092564339,0.081390842,0.077856368,2.362204724,0.46100031,1.041666667,0.005128123,0.010256246,0.02001,0.030173095,328.35,386.98,2.941923967
500,1000,4,60,99,13,379,5,856,2.345825322,0.281499039,0.349986692,0.024321959,0.005235988,0.092564339,0.0450594,0.060884342,4.724409448,0.627954023,1.041666667,0.00515155,0.010303101,0.0216,0.034081281,318.69,375.6,3.307866461
500,1000,4,30,99,13,339,5,773,2.438979061,0.146326354,0.349952679,0.01814254,0.005238825,0.061759494,0.040717471,0.058328155,2.362,0.662896618,1.041768336,0.002482177,0.004964353,0.01003002,0.027762068,169.46,342.37,5.592282714
1676,1676,5.5,76,29,22,367,9,363,6.637561614,0.300975757,0.098652504,0.016339708,0.006115484,0.205895279,0.076220798,0.068987133,3.454400001,0.256376355,1.5504492,0.003362959,0.006725918,0.024968472,,51.11,60.24,
1676,1676,5.5,127,31,22,367,9,363,6.637623762,0.502970297,0.093512344,0.0163454,0.003659852,0.195232567,0.043237522,0.047934129,5.772727275,0.377849715,1.550416668,0.003116443,0.006232886,0.017942124,,46.87,61.06,
1676,1676,5.5,76,29,22,367,9,363,6.637623762,0.300990099,0.098316061,0.0163454,0.006115805,0.205261637,0.075963755,0.075979392,3.454545455,0.256470149,1.550416668,0.003742748,0.007485495,0.018671241,,50.24,57.17,
1676,1676,5.5,127,28,22,429,9,363,6.637623762,0.502970297,0.104015543,0.0163454,0.003659852,0.253847439,0.04809391,0.0558685,5.772727275,0.414376485,1.550416668,0.002683234,0.005366467,0.011420644,,29.25,49.07,
1676,1676,5.5,76,29,22,429,9,392,6.637623762,0.300990099,0.195294488,0.0163454,0.006115805,0.238305759,0.081474441,0.084073384,3.454545455,0.310661789,1.550416668,0.003547431,0.007094863,0.017451074,,61.29,70.56,
175,350,2,110,26,22,388,6,312,1.168199344,0.734296731,0.100111034,0.030821581,0.002937593,0.459560097,0.035221017,0.125615739,5.000000001,1.332610066,0.510416667,0.001183099,0.002366199,0.003992,,40.14,64.1,
1676,1676,5.5,127,32,22,429,9,392,6.637623762,0.502970297,0.180555281,0.0163454,0.003659852,0.220320418,0.045076636,0.055045273,5.772727275,0.454140478,1.550416668,0.004146308,0.008292616,0.018352625,,65.83,74.91,
1676,1676,5.5,76,33,22,363,9,392,6.637623762,0.300990099,0.258633241,0.0163454,0.006115805,0.178027448,0.071932389,0.071350524,3.454545455,0.3288754,1.550416668,0.00280851,0.005617021,0.012130072,0.019661985,48.59,78.86,3.500429393
1676,1676,5.5,127,32,22,363,9,392,6.637623762,0.502970297,0.265817498,0.0163454,0.003659852,0.182972655,0.044241883,0.048355329,5.772727275,0.466530533,1.550416668,0.00290677,0.00581354,0.012100835,0.024371746,57.5,76.93,4.192238333
1676,1676,5.5,76,31,22,363,9,373,6.637623762,0.300990099,0.277822159,0.0163454,0.006115805,0.191235936,0.073524112,0.076330767,3.454545455,0.337126923,1.550416668,0.00327347,0.006546941,0.013850835,0.019882993,66.72,71.8,3.036989979
1676,1676,5.5,127,32,22,363,9,373,6.637623762,0.502970297,0.270832922,0.0163454,0.003659852,0.186424969,0.042891799,0.052700855,5.772727275,0.480140796,1.550416668,0.004250786,0.008501572,0.019244033,0.025603361,69.41,78.09,3.011603092
1372,1372,3,102,39,25,439,13,454,3.486658196,0.259212198,0.205947959,0.019409525,0.009277789,0.216628653,0.107087016,0.062057926,4.015748031,0.365884221,3.480816665,0.003590188,0.007180377,0.024389213,0.046842258,413.18,444.62,6.523649098
1372,1372,3,102,40,25,439,9,615,3.486658196,0.259212198,0.310455939,0.019409525,0.005191397,0.213907188,0.080280655,0.061193566,4.015748031,0.466028291,3.480816665,0.002677397,0.005354793,0.011634111,0.028048349,365.97,483.08,5.237989078
1000,1000,2.86,150,44,25,430,10,470,3.280839895,0.492125984,0,0.033091101,0.002991993,0.326078531,0.032225596,0.038274551,5.905511811,0.956156253,2.041666667,0.007932752,0.015865504,0.0468,0.069259259,215.51,260.19,4.365399178
1000,1000,2.86,75,35,25,430,10,470,3.280839895,0.246062992,0.140776984,0.033091101,0.005983986,0.408535171,0.080749196,0.072824843,2.952755906,0.631366354,2.041666667,0.003947531,0.007895062,0.0205,0.053770571,139.38,250.89,6.810658229
1000,1000,2.86,50,32,25,438,10,470,3.280839895,0.164041995,0.15309497,0.033091101,0.008975979,0.45254771,0.131722126,0.105235619,1.968503937,0.469373879,2.041666667,0.006025445,0.01205089,0.0464,0.094793293,232.45,310.99,7.866082373
175,350,2,110,33,25,344,6,312,1.168199344,0.734296731,0.100107286,0.030821581,0.002937593,0.323962413,0.028004478,0.083453895,4.330708661,1.191129553,0.510416667,0.00085817,0.00171634,0.00382,0.009215023,40.35,79.89,5.368996726
1000,1000,2.86,65,37,25,437,6,425,3.279763857,0.213184651,0.131341529,0.033091101,0.008484372,0.387358281,0.096589256,0.044812424,2.559055118,0.539398839,2.041666667,0.00619876,0.012397519,0.0672,,270.48,318.79,
1000,1000,2.86,65,39,25,437,6,425,3.279763857,0.213184651,0.125616385,0.033091101,0.008484372,0.370473433,0.092378956,0.046484368,2.559055118,0.542841643,2.041666667,0.007086726,0.014173451,0.0662,,291.19,316.79,
1140,1140,4.56,150,80,10,430,8,430,5.506993865,0.724662577,0.200024571,0.015101101,0.005362287,0.081099113,0.028797683,0.02752193,14.98984772,0.502279817,1.041768336,0.004519659,0.009039319,0.018263113,0.025387106,38.65,78.08,2.808519836
1140,1140,4.56,150,80,10,430,8,430,5.506993865,0.724662577,0.200024571,0.015101101,0.005362287,0.081099113,0.028797683,0.027214628,14.98984772,0.502279817,1.041768336,0.003492859,0.006985717,0.014114,0.020596467,51.2,103.45,2.948368201
1140,1140,4.56,100,80,10,430,8,430,5.506993865,0.483067485,0.200024571,0.015101101,0.008044111,0.081099113,0.043200179,0.030614082,9.992385787,0.389464809,1.041768336,0.00268097,0.00536194,0.010833307,0.020145965,66.73,134.81,3.757215881
1140,1140,4.56,100,80,10,430,8,430,5.507246377,0.483091787,0.300066141,0.015079645,0.008042477,0.080983885,0.043191404,0.034260334,10.00000001,0.415355384,1.041666667,0.003673046,0.007346093,0.014842105,0.025190524,55.81,112.76,3.429105181
1140,1140,4.56,100,80,10,430,8,430,5.507246377,0.483091787,0.300066141,0.015079645,0.008042477,0.080983885,0.043191404,0.035567776,10.00000001,0.415355384,1.041666667,0.003330055,0.00666011,0.01345614,0.019812602,55.09,111.31,2.974816101
1140,1140,4.56,100,80,10,430,8,430,5.507246377,0.483091787,0.200044094,0.015079645,0.008042477,0.080983885,0.043191404,0.030933264,10.00000001,0.38939769,1.041666667,0.004024721,0.008049442,0.016263158,0.029261946,45.8,92.54,3.635276449
825,1650,3.3,100,27,22,318,9,336,1.862302483,0.225733634,0.072405029,0.02660929,0.003180863,0.311975248,0.039404332,0.083180997,4.546198469,1.019148296,3.333333334,0.001744196,0.003488391,0.010287515,,247.64,445.76,
175,350,2,20,41,13,344,6,322,1.168199344,0.133508497,0.100115958,0.069397068,0.002937593,0.574751999,0.022773429,0.14497724,1.537893701,1.185934083,0.510416667,0.002534645,0.005069289,0.013916,0.02551023,85.76,160.19,5.032309285
1140,1140,4.56,50,80,10,430,8,430,5.507246377,0.241545894,0.200044094,0.015079645,0.016084954,0.080983885,0.086382807,0.044839323,5.000000005,0.232662259,1.041666667,0.003868421,0.007736842,0.015631579,0.03158519,40.61,82.06,4.082439584
1140,1140,4.56,50,80,10,430,8,430,5.507246377,0.241545894,0.300066141,0.015079645,0.016156762,0.080983885,0.086768446,0.04121148,5.000000005,0.253823626,1.041666667,0.002906743,0.005813486,0.011745614,0.032354802,58.48,118.15,5.565473739
1140,1140,4.56,50,80,10,430,8,430,5.507246377,0.241545894,0.200044094,0.015079645,0.016084954,0.080983885,0.086382807,0.045681869,5.000000005,0.232662259,1.041666667,0.003757709,0.007515417,0.015184211,0.029092417,56.14,113.43,3.871031467
1140,1140,4.56,50,80,10,430,8,430,5.507246377,0.241545894,0.300066141,0.015079645,0.016084954,0.080983885,0.086382807,0.048499492,5.000000005,0.253823626,1.041666667,0.003933546,0.007867092,0.015894737,0.030194563,56.49,114.14,3.8380844
1140,1140,4.56,150,80,20,430,8,430,5.643564356,0.742574257,0.200044094,0.060318579,0.005361651,0.323935536,0.028794267,0.028545607,7.499999998,0.796126535,1.041666667,0.004877858,0.009755715,0.019710526,,82.31,166.31,
1140,1140,4.56,150,80,20,430,8,430,5.643564356,0.742574257,0.300066141,0.060318579,0.005361651,0.323935536,0.028794267,0.031581547,7.499999998,0.753590103,1.041666667,0.003677388,0.007354776,0.014859649,,79.98,161.6,
1140,1140,4.56,150,80,20,430,8,430,5.643564356,0.742574257,0.300066141,0.060318579,0.005361651,0.323935536,0.028794267,0.031581547,7.499999998,0.753590103,1.041666667,0.004263512,0.008527025,0.01722807,,75.66,152.86,
1140,1140,4.56,150,80,20,430,8,430,5.643564356,0.742574257,0.200044094,0.060318579,0.005361651,0.323935536,0.028794267,0.024451521,7.499999998,0.796126535,1.041666667,0.004773658,0.009547315,0.019289474,0.037518879,95.49,192.93,3.929783142
1140,1140,4.56,100,80,20,430,8,430,5.643564356,0.495049505,0.200044094,0.060318579,0.008042477,0.323935536,0.043191404,0.025525591,4.999999999,0.61735347,1.041666667,0.004315612,0.008631225,0.017438596,0.046965632,73.61,148.71,5.441363758
1140,1140,4.56,100,80,20,430,8,430,5.643564356,0.495049505,0.200044094,0.060318579,0.008042477,0.323935536,0.043191404,0.024084066,4.999999999,0.61735347,1.041666667,0.003805467,0.007610934,0.015377193,0.047342983,89.1,180.02,6.220390819
600,1200,4,100,31,16,402,6,392,2.353023209,0.392170535,0.200044121,0.026815067,0.001881446,0.350829082,0.024003163,0.069773789,6.249206349,1.145191371,1.499994,0.005096164,0.010192328,0.02044,0.030576356,179.94,228.39,2.999938495
1140,1140,4.56,100,80,20,430,8,430,5.643564356,0.495049505,0.300066141,0.060318579,0.000940723,0.323935536,0.005052069,0.02768014,4.999999999,0.593730104,1.041666667,0.004233121,0.008466241,0.017105263,0.046373154,83.92,169.56,5.477419305
1140,1140,4.56,100,80,20,430,8,430,5.643564356,0.495049505,0.300066141,0.060318579,0.001881446,0.323935536,0.010104138,0.030538007,4.999999999,0.593730104,1.041666667,0.004042088,0.008084175,0.016333333,0.03605408,82.84,167.37,4.459834186
1140,1140,4.56,50,80,20,430,8,430,5.643564356,0.247524752,0.200044094,0.060318579,0.016084954,0.323935536,0.086382807,0.036298596,2.499999999,0.368864163,1.041666667,0.004313441,0.008626883,0.017429825,0.067035641,80.2,162.04,7.77055188
1140,1140,4.56,50,80,20,430,8,430,5.643564356,0.247524752,0.200044094,0.060318579,0.016084954,0.323935536,0.086382807,0.036655679,2.499999999,0.368864163,1.041666667,0.004393762,0.008787524,0.017754386,0.051918313,80.42,162.48,5.908184246
1140,1140,4.56,50,80,20,430,8,430,5.643564356,0.247524752,0.300066141,0.060318579,0.016084954,0.323935536,0.086382807,0.043071668,2.499999999,0.362828397,1.041666667,0.005833023,0.011666046,0.023570175,0.056835625,83.28,168.25,4.871884012
1140,1140,4.56,50,80,20,430,8,430,5.643564356,0.247524752,0.300066141,0.060318579,0.016084954,0.323935536,0.086382807,0.05157243,2.499999999,0.362828397,1.041666667,0.008478235,0.016956471,0.032842105,0.047599845,159.05,165.74,2.807178819
2335,2335,3.83,110,27,19,448,6,428,4.122164357,0.194191897,0.097563757,0.022249266,0.002705678,0.366145601,0.042538287,0.032326157,5.759162303,0.662844418,3.863333333,0.005179428,0.010358857,0.052290281,0.063692108,299.43,365.97,6.148565249
2335,2335,3.83,110,27,19,448,6,428,4.122164357,0.194191897,0.238753585,0.022249266,0.002705678,0.366145601,0.042538287,0.039324897,5.759162303,0.654464778,3.863333333,0.004176604,0.008353208,0.035059615,0.047736292,330.89,380.91,5.714725615
2335,2335,3.83,83,28,19,448,6,428,4.100447801,0.145754676,0.09228911,0.022249266,0.003585838,0.354418518,0.0545704,0.035949668,4.345549737,0.557114677,3.863333333,0.005870976,0.011741952,0.039427109,0.072811162,281.02,361.31,6.200941946
2335,2335,3.83,83,28,19,448,6,428,4.100447801,0.145754676,0.232488707,0.022249266,0.003585838,0.354418518,0.0545704,0.041808777,4.345549737,0.562733213,3.863333333,0.004363785,0.008727569,0.028826552,0.059914931,263.45,407.52,6.865019407
600,1200,4,200,31,16,402,6,392,2.353023209,0.78434107,0.200044121,0.026815067,0.001881446,0.350829082,0.024003163,0.057659271,12.4984127,1.353921713,1.499994,0.003890085,0.00778017,0.018236,0.025586727,159.54,210.59,3.288710553
508,1016,4,51,76,19,510,9,510,2.288803785,0.229781482,0.09975245,0.035528688,0.016415513,0.238212626,0.110062676,0.068107478,2.670157068,0.476869091,1.075266667,0.008684527,0.017369053,0.137961,,304.47,324.11,
508,1016,4,51,76,19,510,9,510,2.288803785,0.229781482,0.199708893,0.035528688,0.016415513,0.238212626,0.110062676,0.096207689,2.670157068,0.509880957,1.075266667,0.008838018,0.017676036,0.0582455,,328.65,378.33,
508,1016,4,51,86,16,510,9,510,2.272422277,0.228136882,0.096265597,0.024621056,0.016415513,0.14588392,0.09726469,0.078196752,3.20754717,0.403941688,1.075266667,0.007372805,0.014745611,0.052869,,233.72,275.45,
508,1016,4,51,86,16,510,9,510,2.272422277,0.228136882,0.192531195,0.024621056,0.016415513,0.14588392,0.09726469,0.068356317,3.20754717,0.453035248,1.075266667,0.007862826,0.015725652,0.068288,0.141806168,267.33,318.86,9.017506123
450,900,4,45,118,10,393,5,1414,2.209131075,0.220913107,0.599253243,0.018616845,0.008070402,0.061950619,0.096693799,0.105644059,4.500000004,0.218656352,0.84375,0.003274324,0.006548648,0.013539807,,286.97,334.24,
450,900,4,45,118,10,393,6,1423,2.223320158,0.222332016,0.599253243,0.018616845,0.0127091,0.061950619,0.153239879,0.10176762,4.500000004,0.163709964,0.84375,0.003572525,0.007145049,0.018079692,0.035513595,312.51,363.98,4.970377956
450,900,4,35,118,10,393,6,1423,2.223320158,0.172924901,0.599253243,0.018616845,0.016340271,0.061950619,0.197022697,0.105441172,3.500000004,0.136740749,0.84375,0.003981466,0.007962931,0.026931428,0.055515943,340.08,391.48,6.97179716
450,900,4,45,118,10,393,6,1423,2.223320158,0.222332016,0.349773686,0.018616845,0.0127091,0.061950619,0.153239879,0.08224457,4.500000004,0.271610176,0.84375,0.003998135,0.007996269,0.027091657,0.064507917,332.5,361.73,8.067251476
450,900,4,35,118,10,393,6,1423,2.223320158,0.172924901,0.349773686,0.018616845,0.016340271,0.061950619,0.197022697,0.096029348,3.500000004,0.224206295,0.84375,0.004054225,0.00810845,0.026881018,0.07220401,332.61,369.98,8.90478539
2134,2134,7.64,229,41,16,407,6,351,8.902357616,0.953642384,0.339569889,0.010142022,0.000991664,0.101583213,0.008565933,0.016774492,14.4,0.992961985,1.301072667,0.002562202,0.005124405,0.013598346,,39.11,54.54,
600,1200,4,100,31,16,402,6,392,2.353023209,0.392170535,0.300067792,0.026815067,0.001881446,0.350829082,0.024003163,0.078578415,6.249206349,1.085303998,1.499994,0.004969171,0.009938341,0.0206,0.02873964,202.82,247.89,2.891794436
1842,1842,6.04,95,72,20,454,16,463,6.879551821,0.35480859,0.500110234,0.025788692,0.01384363,0.162247841,0.088822856,0.06935115,4.861821901,0.204945418,1.550416668,0.00117572,0.002351439,0.008638217,0.016226372,111.2,135.91,6.900613638
1842,1842,6.04,90,72,20,454,11,541,6.823485831,0.333395073,0.360079369,0.025788692,0.012428801,0.163152989,0.093872501,0.046982488,4.605936538,0.220047857,1.550416668,0.001185347,0.002370693,0.009733222,0.027513044,110.66,138.67,11.60548563
1842,1842,6.04,90,72,20,454,11,541,6.823485831,0.333395073,0.500110234,0.025788692,0.012428801,0.162925757,0.093741759,0.048930962,4.605936538,0.196314763,1.550416668,0.001424787,0.002849575,0.010792172,0.017372758,116.42,134.02,6.09661462
1842,1842,6.04,100,72,20,454,16,463,6.879551821,0.373482727,0.500110234,0.025788692,0.022449523,0.162699156,0.144440253,0.06677761,5.117707264,0.137425475,1.550416668,0.001584353,0.003168706,0.012462853,0.023635729,117.47,135.23,7.459110046
1842,1842,6.04,90,102,20,454,16,463,6.880065738,0.336159564,0.450049015,0.025788692,0.025006391,0.114912272,0.113635297,0.053712484,4.605936538,0.152969051,1.550416668,0.000603728,0.001207457,0.003799494,0.008746466,116.9,154.31,7.243708013
1842,1842,6.04,76,102,20,454,16,463,6.879551821,0.283846872,0.460101416,0.025788692,0.029538845,0.114799503,0.134100173,0.063337696,3.889457521,0.131364041,1.550416668,0.001574566,0.003149133,0.010651625,0.017872343,129.74,158.57,5.675322201
1842,1842,6.04,94,102,20,454,11,541,6.823485831,0.348212632,0.450099211,0.025788692,0.011899916,0.114686954,0.063178896,0.041835124,4.810644829,0.243872785,1.550416668,0.001549739,0.003099478,0.007143569,0.013756315,116.58,144.27,4.438267671
1842,1842,6.04,70,102,20,454,16,463,6.879551821,0.261437909,0.47010362,0.025788692,0.032070746,0.114462518,0.145167093,0.067149392,3.582395085,0.121010823,1.550416668,0.001083176,0.002166352,0.005061421,0.012428099,126.14,166.51,5.736878591
1645,1645,4.7,152,34,19,455,10,569,5.452074771,0.503778337,0.427945468,0.01950352,0.0040224,0.261098571,0.067376775,0.050035011,7.7948718,0.380605983,2.041666667,0.001212894,0.002425788,0.005667561,0.013916448,126.14,166.51,5.736878591
1645,1645,4.7,76,34,19,455,10,569,5.452074771,0.251889169,0.427945468,0.01950352,0.008044801,0.261098571,0.134753566,0.097587756,3.897435899,0.230090974,2.041666667,0.003028445,0.00605689,0.020061824,,165.15,181.67,
1645,1645,4.7,76,34,19,455,10,569,5.452074771,0.251889169,0.199563796,0.01950352,0.008044801,0.261098571,0.134753566,0.070276763,3.897435899,0.229855265,2.041666667,0.002852729,0.005705459,0.011249593,0.043777373,154.1,183.8,7.672892575
1645,1645,4.7,152,34,19,455,9,569,5.451532726,0.503728252,0.461806473,0.02925528,0.005329488,0.391686028,0.08927101,0.062357622,7.7948718,0.355319238,2.041666667,0.002863355,0.005726709,0.02006183,,122.1,163.35,
1645,1645,4.7,76,34,19,455,10,569,5.452074771,0.251889169,0.461806473,0.02925528,0.010726401,0.391647857,0.179671416,0.09541947,3.897435899,0.206902884,2.041666667,0.003909551,0.007819101,0.02006183,0.02882744,155.36,194.69,3.686797249
1645,1645,4.7,76,34,30,477,10,569,5.547686497,0.256306489,0.456283047,0.022927471,0.010726401,0.321908364,0.179671416,0.075039035,2.541806021,0.212177835,2.041666667,0.002792808,0.005585617,0.03039828,0.061209129,179.34,211.37,10.95834709
1645,1645,4.7,76,34,19,455,7,579,5.39963893,0.249466601,0.461806473,0.02925528,0.005144653,0.391647857,0.087686793,0.049186979,3.897435899,0.361460862,2.041666667,0.00225555,0.004511101,0.020365532,0.063055512,146.88,196.5,13.97785458
1645,1645,4.7,76,34,19,455,7,579,5.39963893,0.249466601,0.230783162,0.02925528,0.005144653,0.391647857,0.087686793,0.056574981,3.897435899,0.400155135,2.041666667,0.003152773,0.006305546,0.020669234,,118.65,192.56,
1645,1645,4.7,76,34,16,427,7,579,5.368798956,0.248041775,0.461806473,0.032826438,0.005144653,0.412659748,0.087686793,0.058933623,4.749999998,0.371152552,2.041666667,0.003642489,0.007284977,0.030701982,,186.3,212,
1645,1645,4.7,76,34,16,427,10,569,5.420634659,0.250436616,0.461806473,0.032826438,0.010726401,0.412659748,0.179671416,0.089479061,4.749999998,0.212237686,2.041666667,0.003362641,0.006725283,0.030094571,,166.63,206.21,
610,610,3,76,70,16,585,9,406,4.190999656,0.523531432,0.049493899,0.019273121,0.009164654,0.16206104,0.053490386,0.041079622,4.79245283,0.452377849,0.686816667,0.005389351,0.010778702,0.021777377,0.055554138,34.12,68.94,5.15406576
610,610,3,76,70,16,585,9,406,4.185248714,0.522813036,0.049493899,0.019273121,0.009164654,0.16206104,0.053490386,0.039016991,4.79245283,0.452049041,0.686816667,0.005038992,0.010077983,0.020361639,0.057227214,33.24,67.17,5.678439175
450,900,3,75,13,13,340,6,586,1.730803048,0.288491598,0.300068806,0.016890317,0.002814814,0.425022549,0.122287779,0.157384935,5.906,0.618756165,1.499994,0.002284078,0.004568157,0.009755575,0.026190834,131.42,171.19,5.733348158
610,610,3,76,70,16,585,9,406,4.190999656,0.476995305,0.049493899,0.019273121,0.002814814,0.16206104,0.016428933,0.04028494,4.79245283,0.412624196,0.686816667,0.005245085,0.010490171,0.021194426,0.064709792,46.89,94.74,6.168611978
610,610,3,77,68,16,573,9,514,3.771251932,0.477279753,0.102064812,0.019273121,0.009164654,0.162878547,0.069533249,0.053046293,4.855345912,0.415768981,0.686816667,0.005162648,0.010325296,0.020861311,0.064543068,45.57,92.07,6.250965618
610,610,3,76,65,16,572,9,513,3.729746255,0.465912565,0.21084988,0.019273121,0.009164654,0.16824244,0.071808816,0.065039959,4.79245283,0.481750462,0.686816667,0.005234781,0.010469561,0.021152787,0.054581303,51.52,104.08,5.213332407
610,610,3,77,65,16,573,9,514,3.568294823,0.451594033,0.21084988,0.019273121,0.009045941,0.168536434,0.071016638,0.067641698,4.855345912,0.488253924,0.686816667,0.005152343,0.010304686,0.020819672,0.053466335,49.31,99.64,5.188545689
610,610,3,76,38,16,572,9,513,3.775920768,0.471680594,0,0.019273121,0.009164654,0.290600578,0.124033409,0.10533656,4.79245283,0.293933827,0.686816667,0.010425975,0.020851951,0.03177082,0.067067687,56.34,58.71,3.216374733
610,610,3,77,38,16,573,9,514,3.866877971,0.489381934,0,0.019273121,0.009045941,0.291108386,0.122665102,0.102623797,4.855345912,0.296847093,0.686816667,0.010656898,0.021313797,0.030819672,0.06669965,58.3,58.3,3.129411983
610,610,3,76,48,16,585,9,406,4.142614601,0.517487267,0.143328157,0.019273121,0.009164654,0.23383093,0.077178986,0.067711909,4.79245283,0.478634013,0.686816667,0.005152343,0.010304686,0.020819672,0.041747157,35.24,71.2,4.051278823
610,610,3,77,48,16,586,9,407,4.162401911,0.526782668,0.143328157,0.019273121,0.009045941,0.234229922,0.076366528,0.067713483,4.855345912,0.481252241,0.686816667,0.005152343,0.010304686,0.020819672,0.040322454,33.9,68.5,3.913021009
610,610,3,76,38,16,572,9,513,3.700333637,0.462238399,0.3628757,0.019273121,0.009164654,0.289547677,0.123584012,0.119563011,4.79245283,0.363840108,0.686816667,0.005192913,0.010385825,0.020983607,0.042131148,41.82,84.5,4.056600766
610,610,3,77,38,16,573,9,514,3.700333637,0.468304519,0.3628757,0.019273121,0.009045941,0.290053645,0.122220664,0.119124784,4.855345912,0.366714492,0.686816667,0.005192913,0.010385825,0.020983607,0.041639344,41.82,84.5,4.009247448
450,900,3,75,18,13,340,6,384,1.730803048,0.288491598,0.300059651,0.016890317,0.002814814,0.318766912,0.059998093,0.132228607,5.906,0.765857867,1.499994,0.002394912,0.004789824,0.010108909,0.018813269,152.93,229.39,3.927757868
1400,1400,3.5,50,25,19,497,6,459,3.998571939,0.142806141,0.112795512,0.021376722,0.006333843,0.425627884,0.116596465,0.056169007,2.624671916,0.397585231,2.666666668,0.004277841,0.008555681,0.024237857,0.060747274,202.01,249.99,7.100226435
1400,1400,3.5,50,27,19,497,6,459,3.998571939,0.142806141,0.158218227,0.021376722,0.006333843,0.398018726,0.109033215,0.055411228,2.624671916,0.408378253,2.666666668,0.004878765,0.009757529,0.0256475,0.068191085,232.43,267.57,6.988560526
1400,1400,3.5,50,26,19,497,6,459,3.998571939,0.142806141,0.215317265,0.021376722,0.006333843,0.406244142,0.111286484,0.058604607,2.624671916,0.409640395,2.666666668,0.004652754,0.009305508,0.024688571,0.059545283,234.36,305.29,6.39892859
1400,1400,3.5,52,25,19,497,6,459,3.998571939,0.148518386,0.111058826,0.021376722,0.006090234,0.419074592,0.11038583,0.054066709,2.729658792,0.410529608,2.666666668,0.004572423,0.009144845,0.026225714,0.070438206,195.42,248.04,7.702503836
1400,1400,3.5,52,27,19,497,6,459,3.998571939,0.148518386,0.155592924,0.021376722,0.006090234,0.391414433,0.10310004,0.05335372,2.729658792,0.422164895,2.666666668,0.004146494,0.008292988,0.024667857,0.07157444,213.13,260.49,8.630718346
1400,1400,3.5,52,27,19,497,6,459,3.998571939,0.148518386,0.210169598,0.021376722,0.006090234,0.396531917,0.104448004,0.056275648,2.729658792,0.424043828,2.666666668,0.004484138,0.008968275,0.027402143,0.053569228,240.95,309.8,5.973191903
1400,1400,3.5,54,26,19,497,6,459,3.998571939,0.154230632,0.106557578,0.021376722,0.00586467,0.402089372,0.101989201,0.050972263,2.834645669,0.424426651,2.666666668,0.004596202,0.009192405,0.023761429,0.069777728,189.58,234.61,7.590802578
1400,1400,3.5,54,27,19,497,6,459,3.998571939,0.154230632,0.153442913,0.021376722,0.00586467,0.386005797,0.097909633,0.051566278,2.834645669,0.435492839,2.666666668,0.004573031,0.009146063,0.026675,0.076597563,212.33,259.51,8.374922075
1400,1400,3.5,54,27,19,497,6,459,3.998571939,0.154230632,0.209153908,0.021376722,0.00586467,0.394615592,0.100093491,0.055941827,2.834645669,0.436278447,2.666666668,0.00546732,0.010934639,0.027083571,0.063294974,263.24,299.55,5.78848306
1829,1829,3.6,75,83,25,413,10,413,3.892317514,0.159608427,0,0.025345236,0.013733738,0.126249747,0.068410527,0.039338717,2.999999999,0.207414463,2.582333334,0.007034573,0.014069147,0.04379288,,200.74,239.43,
450,900,3,75,18,13,340,6,384,1.730803048,0.288491598,0.200044345,0.016890317,0.002814814,0.318766912,0.059998093,0.099025447,5.906,0.800540358,1.499994,0.001765475,0.00353095,0.014593363,0.031859167,120.27,216.49,9.022831965
1829,1829,3.6,75,83,25,413,10,413,3.892317514,0.159608427,0.120010714,0.025345236,0.013733738,0.126249747,0.068410527,0.042269474,2.999999999,0.335464596,2.582333334,0.005490047,0.010980095,0.03277666,0.048842981,270.55,377.25,4.448320567
1829,1829,3.6,75,83,25,413,10,413,3.892324324,0.159621622,0.160064319,0.025331995,0.013733738,0.126183791,0.068410527,0.043862185,3.000247998,0.355714586,2.582360427,0.004426432,0.008852865,0.020004635,0.039882178,250.21,393.18,4.505002451
597,597,3.92,25,103,10,517,3,792,4.475770925,0.190458337,0,0.024543693,0.006135923,0.123473292,0.047338192,0.026455754,2.666666667,0.26246533,0.387096,0.00463057,0.00926114,0.052344681,,27.52,34.06,
597,597,3.92,25,86,10,517,3,792,4.475770925,0.190458337,0.200044094,0.024543693,0.006135923,0.146944613,0.056334094,0.03763099,2.666666667,0.418757372,0.387096,0.002292434,0.004584868,0.016629787,0.038034852,58.61,69.08,8.295735946
597,597,3.92,25,87,10,455,3,792,4.475770925,0.190458337,0,0.024543693,0.006982681,0.127546256,0.063229007,0.033767451,2.666666667,0.209935819,0.387096,0.003394746,0.006789492,0.020489362,0.031268647,22.81,28.22,4.60544747
597,597,3.92,25,83,10,455,3,792,4.475770925,0.190458337,0.100022047,0.024543693,0.006982681,0.133807695,0.066337387,0.04455693,2.666666667,0.313622613,0.387096,0.002896124,0.005792247,0.016225532,0.020621417,36.58,51,3.560175594
597,597,3.92,25,90,10,455,3,792,4.475770925,0.190458337,0.200044094,0.024543693,0.006982681,0.12399513,0.061472645,0.03650062,2.666666667,0.376005199,0.387096,0.00141382,0.002827641,0.008795745,0.027033468,37.61,61.04,9.560432275
597,597,3.92,25,67,10,475,3,1261,4.475770925,0.190458337,0,0.024543693,0.006982681,0.172858045,0.130438804,0.057861428,2.666666667,0.144549321,0.387096,0.005630329,0.011260658,0.060923404,,29.15,36.53,
597,597,3.92,25,75,10,475,3,1261,4.475770925,0.190458337,0.100022047,0.024543693,0.006982681,0.156391616,0.118024387,0.054316128,2.666666667,0.211343643,0.387096,0.002390178,0.004780356,0.022106383,0.051296313,34.34,46.57,10.73064694
597,597,3.92,25,82,10,475,3,1261,4.475770925,0.190458337,0.200044094,0.024543693,0.006982681,0.142626095,0.107635932,0.053490636,2.666666667,0.25471985,0.387096,0.001742325,0.00348465,0.01407234,0.033234515,44.57,54.47,9.537405166
300,600,2,50,28,13,447,6,398,1.153868699,0.192360297,0.21665512,0.016890317,0.004221507,0.27232943,0.060603798,0.169689255,3.938,0.906289748,1.499994,0.005766543,0.011533086,0.02202,0.024977558,303.99,303.99,2.165730563
597,597,3.92,32,76,10,475,3,1261,4.475770925,0.238072922,0.200044094,0.024543693,0.005586144,0.153915759,0.092924728,0.048560895,3.333333333,0.294635151,0.387096,0.001814435,0.00362887,0.014889362,0.024731906,45.38,56.16,6.815318561
597,597,3.92,38,87,10,475,3,1261,4.475770925,0.285687506,0.200044094,0.024543693,0.00465512,0.134101316,0.067468337,0.039290541,4,0.358928229,0.387096,0.001811051,0.003622102,0.011119149,0.021306115,39.29,58.06,5.882251432
597,597,3.92,44,71,10,475,3,1261,4.475770925,0.33330209,0.200044094,0.024543693,0.003990103,0.163859755,0.070663068,0.040867008,4.666666667,0.371449062,0.387096,0.001526185,0.003052371,0.010476596,0.023386714,29.32,51.84,7.661819757
2000,2000,6.56,60,92,16,451,11,391,7.499062617,0.224971878,0.139638551,0.025702186,0.018709371,0.12534403,0.079103008,0.035821114,3.749999998,0.18354075,1.550416668,0.004413636,0.008827272,0.015145,0.080548033,91.11,114.17,9.12490633
2000,2000,6.56,60,93,16,430,11,391,7.499062617,0.224971878,0.276583111,0.025702186,0.018709371,0.118354806,0.078339956,0.03782711,3.749999998,0.221078452,1.550416668,0.003923684,0.007847367,0.0184048,0.054306835,124.51,148.51,6.920389276
2000,2000,6.56,60,98,16,451,11,418,7.499062617,0.224971878,0.394173181,0.025702186,0.018709371,0.117940819,0.079570668,0.04437573,3.749999998,0.204000179,1.550416668,0.004590683,0.009181366,0.02365,0.045038739,136.95,148.99,4.905451015
2000,2000,6.56,130,98,16,430,11,391,7.499062617,0.48743907,0.264126963,0.025702186,0.008635094,0.113024599,0.034528546,0.025543741,8.124999998,0.405430505,1.550416668,0.003327264,0.006654527,0.015296,0.029273426,121.24,151.93,4.399024309
2000,2000,6.56,130,104,16,451,11,418,7.499047619,0.487428571,0.37111212,0.025701647,0.008635893,0.111040705,0.03458026,0.032178643,8.124824998,0.377482887,1.5504492,0.003273388,0.006546776,0.015300031,,139.99,139.99,
450,900,3,150,28,13,447,6,398,1.730803048,0.576983197,0.213191716,0.022520422,0.018709371,0.357301361,0.264297395,0.080566551,11.812,1.233657577,1.499994,0.002585616,0.005171232,0.010448,0.021371051,103.39,208.89,4.132680513
160,320,2,40,20,9,341,5,558,1.161524501,0.290381125,0.801155126,0.022150683,0.006135923,0.381158258,0.173083449,0.317348902,4.21070361,0.336339442,0.426666667,0.003709486,0.007418972,0.0146425,0.028842676,38.11,77,3.887691792
625,625,2.5,40,38,13,461,4,485,2.863688431,0.18327606,0.300066141,0.024321959,0.005026548,0.297948124,0.064781761,0.054290267,3.1496063,0.651227206,1.041666667,0.001872459,0.003744918,0.029759083,0.038520083,146.73,198.99,10.28596088
625,625,2.5,40,38,13,461,4,485,2.863688431,0.18327606,0.600132281,0.024321959,0.005026548,0.297948124,0.064781761,0.065899293,3.1496063,0.475595629,1.041666667,0.001709871,0.003419742,0.009957542,0.022478359,143.24,177.26,6.573116236
1200,1200,2,100,39,25,388,13,524,2.263723826,0.188643652,0.567018406,0.016890249,0.008445125,0.167036251,0.112792526,0.129407597,3.937007874,0.344409724,5.999999998,0.001200164,0.002400328,0.004983583,,506.96,984.1,
1200,1200,2,100,39,25,388,13,524,2.227171492,0.185597624,0.567018406,0.016890249,0.008445125,0.167036251,0.112792526,0.092601287,3.937007874,0.343120364,5.999999998,0.001618555,0.00323711,0.00758199,0.022284787,1078.87,1256.56,6.884160511
1200,1200,2.14,100,32,25,388,13,524,2.313030069,0.192752506,0.594312771,0.019389317,0.009048348,0.233435761,0.147120683,0.12222547,3.937007874,0.300762378,5.226666665,0.002142333,0.004284666,0.020049167,,1060.3,1179.43,
1245,1245,3.11,70,36,13,363,6,368,3.456892961,0.19436346,0.027338895,0.015834609,0.002019595,0.159973683,0.020684579,0.028613528,5.511811024,0.617590701,2.666666668,0.002699126,0.005398251,0.014658635,0.035513674,133.17,151.54,6.578736916
1245,1245,3.11,70,36,13,363,6,368,3.456943367,0.194371959,0.027492476,0.015834672,0.00201918,0.160870534,0.020796184,0.030213567,5.512,0.618093216,2.666656,0.003219469,0.006438938,0.013558163,0.035535908,115.07,147.95,5.518908303
1245,1245,3.11,70,34,13,363,6,368,3.456892961,0.19436713,0.028614179,0.015834609,0.002019595,0.167436012,0.021649457,0.035536402,5.511811024,0.621159388,2.666666668,0.007614094,0.015228187,0.029711647,0.063013216,145.14,152.86,4.137932885
1245,1245,3.11,70,37,13,363,6,368,3.456943367,0.194375629,0.02667069,0.015834672,0.00201918,0.156061904,0.020174559,0.036442097,5.512,0.615528979,2.666656,0.001378015,0.002756029,0.006980839,0.008871864,311.42,604.52,3.219074641
2400,2400,5.25,356,25,22,460,10,438,5.88,0.871595331,0.25,0.0148,0.00087,0.276279306,0.015461577,0.027708263,16,1.037027111,3.483864,0.002445182,0.004890364,0.016057993,0.019767689,147.97,183.12,4.042171114
1829,1829,4,457,36,25,510,10,480,4.61,1.152,0.07,0.0194,0.00068,0.272954182,0.009011519,0.016023618,18,1.691154113,3.483864,0.001985118,0.003970237,0.010069444,0.017525631,118.73,202.67,4.414253265
1829,1829,4,457,36,25,510,10,480,4.61,1.152,0.14,0.0194,0.00068,0.272954182,0.009011519,0.018295339,18,1.556276542,3.483864,0.001874828,0.003749656,0.010384722,0.018771004,136.79,233.49,5.006060567
1829,1829,4,457,36,25,510,10,480,4.61,1.152,0.21,0.0194,0.00068,0.272954182,0.009011519,0.023307398,18,1.472025579,3.483864,0.0022961,0.0045922,0.013813889,0.017703833,195.96,285.3,3.855196551
1676,1676,3.67,457,35,25,510,10,480,4.22,1.152,0.14,0.0194,0.00068,0.279877897,0.009240104,0.022308064,18,1.558387588,3.483864,0.002353429,0.004706858,0.015,0.018380371,203.64,268.8,3.905019297
1524,1524,3.33,457,35,25,510,10,480,3.84,1.152,0.22,0.0194,0.00068,0.279877897,0.009240104,0.029305813,18,1.473310425,3.483864,0.002643502,0.005287004,0.014833333,0.019063814,292.51,340.69,3.605787619
300,600,2,50,26,13,447,6,398,1.153868699,0.192360297,0.22993666,0.016890317,0.004221507,0.289023955,0.064318973,0.152087573,3.938,0.898447897,1.499994,0.00460204,0.009204081,0.018596,0.03739829,168.32,340.08,4.063229243
450,900,3,100,26,16,380,6,380,1.764767407,0.392170535,0.180041076,0.026815067,0.00211129,0.384189624,0.030249252,0.078954419,6.249206349,1.208168834,1.499994,0.001936678,0.003873356,0.014046,0.018653183,175.51,271.49,4.815767627
450,900,3,100,26,16,380,6,380,1.764767407,0.392170535,0.270060681,0.026815067,0.00211129,0.384189624,0.030249252,0.102044376,6.249206349,1.135457906,1.499994,0.002666788,0.005333576,0.010776,0.01659437,123.58,249.69,3.111303022
450,900,3,100,26,16,380,6,380,1.764767407,0.392170535,0.270060681,0.026815067,0.00211129,0.384189624,0.030249252,0.07792602,6.249206349,1.135457906,1.499994,0.001802614,0.003605227,0.014008,0.024965185,218.18,291.89,6.924718738
900,900,2.25,180,25,22,546,9,355,2.571521881,0.514333406,0.200045603,0.038706323,0.001906021,0.842800033,0.02693465,0.070099624,8.108695652,1.659532157,2.666656,0.002342596,0.004685192,0.009466,0.015251674,175.2,353.98,3.255293259
876,876,2.87,127,32,19,496,6,345,3.446043165,0.49960032,0,0.024463995,0.003229773,0.378868152,0.034791259,0.039161757,6.684210527,0.967989351,0.77264224,0.005758686,0.011517373,0.026020645,0.055148886,58.42,79.22,4.788321712
1473,2946,6.44,457,27,32,331,9,400,3.741935484,1.161290323,0.09,0.0303,0.00068,0.372604659,0.010104186,0.027054685,14.4,1.923891022,3.483864,0.004552815,0.009105631,0.020906897,0.025019214,193.05,276.99,2.747664046
160,320,2,40,20,9,341,5,558,1.161524501,0.290381125,0.801155126,0.022150683,0.006135923,0.381158258,0.173083449,0.354436095,4.21070361,0.336339442,0.426666667,0.008647569,0.017295137,0.02198875,0.044104143,74.48,74.48,2.550089174
650,650,2.17,150,29,16,380,6,396,2.500097694,0.576983197,0.03477832,0.026815067,0.006135923,0.354092638,0.084542046,0.045404367,9.374603175,1.334045048,1.499994,0.003394334,0.006788668,0.014945892,0.021832773,154.72,186.79,3.216061381
300,600,3,20,21,13,371,5,344,1.703094415,0.113539855,0.350078564,0.012667738,0.011879171,0.223605618,0.194425984,0.250317119,1.57480315,0.439612063,0.666664,0.005161345,0.010322689,0.021061722,0.033627191,97.91,98.91,3.25759986
400,800,4,50,32,16,369,5,316,2.279202916,0.284900934,0.143000842,0.020106273,0.004751668,0.231652497,0.046882657,0.067319137,3.124999999,0.793197776,0.666664,0.007039708,0.014079415,0.036200152,0.077524407,73.24,99.32,5.506223413
400,800,4,50,30,13,370,5,316,2.279345781,0.284918792,0.15304438,0.026546564,0.004751668,0.328222142,0.050175419,0.078179128,3.846153843,0.954452585,0.666664,0.005089821,0.010179641,0.026050292,0.046133857,69.58,107.63,4.531972668
320,640,4,40,21,9,341,5,558,2.323061666,0.290392509,0.799993355,0.022152178,0.010474374,0.357698714,0.27725951,0.175226164,4.210526317,0.240877186,0.426637867,0.002882526,0.005765053,0.020547706,0.034120177,51.83,57.65,5.918450256
320,640,4,40,21,9,341,5,558,2.323061666,0.290392509,0.899992524,0.022152178,0.00613613,0.357698714,0.162425019,0.194711934,4.210526317,0.128657328,0.426637867,0.003931871,0.007863742,0.040188125,,43.46,64.22,
480,960,6,40,29,9,341,5,558,3.484776899,0.290392509,0.701428073,0.022152178,0.00613613,0.262063988,0.118998886,0.140136685,4.210526317,0.245949311,0.426637867,0.003780741,0.007561481,0.015277278,0.030271087,22.3,45.05,4.003327772
480,960,6,40,29,9,341,5,558,3.484776899,0.290392509,0.701428073,0.022152178,0.008078397,0.262063988,0.15666556,0.136714299,4.210526317,0.245949311,0.426637867,0.00357172,0.007143439,0.015698487,0.03057411,39.39,51.99,4.280026592
300,600,3,70,26,9,361,6,426,1.762115153,0.411161025,0.256840586,0.02126474,0.008078397,0.297287464,0.133273593,0.099140689,7.368421054,0.560948262,0.666664,0.003437987,0.006875973,0.030107527,0.052224284,91.9,129.97,7.595184104
160,320,2,40,20,9,341,5,558,1.161524501,0.290381125,0.801155126,0.022150683,0.008078397,0.381158258,0.227877178,0.280677073,4.210526317,0.261649445,0.426666667,0.007018052,0.014036103,0.0731325,,87.9,108.78,
300,600,3,70,26,9,361,6,426,1.762115153,0.411161025,0.616417406,0.02126474,0.008078397,0.297287464,0.133273593,0.129988266,7.368421054,0.404771312,0.666664,0.002709873,0.005419746,0.015005503,0.030080952,104.65,124.82,5.550251727
876,876,2.87,89,26,19,496,6,345,3.446043165,0.350119904,0.147143538,0.024461935,0.004607523,0.464473563,0.060852037,0.071094301,4.684491979,0.838764878,0.77264224,0.005526642,0.011053284,0.048588205,,91.56,104.19,
876,876,2.87,89,26,19,496,6,345,3.446043165,0.35011361,0.147145009,0.024463995,0.004608777,0.464512677,0.060868599,0.070100021,4.684407765,0.838681345,0.77264224,0.006029769,0.012059537,0.054877059,,78.58,98.47,
876,876,2.87,127,34,19,496,6,345,3.446043165,0.49960032,0.114300141,0.024463995,0.003229773,0.360826812,0.033134532,0.050963116,6.684491979,1.001194337,0.77264224,0.006592368,0.013184736,0.025835653,0.048099895,78.04,94.22,3.648149891
876,876,2.87,127,34,19,496,6,345,3.446043165,0.49960032,0.114298998,0.024461935,0.003228952,0.360796428,0.033126109,0.057457886,6.684491979,1.001256087,0.77264224,0.00621449,0.012428979,0.026813964,,80.17,100.47,
876,876,2.87,127,34,19,496,6,345,3.446043165,0.49960032,0.071277054,0.024463995,0.003229773,0.360826812,0.033134532,0.053117102,6.684491979,0.983933855,0.77264224,0.007566963,0.015133925,0.035638193,0.036030742,76.04,87.53,2.380792925
876,876,2.87,127,34,19,496,6,345,3.446043165,0.49960032,0.071277625,0.024461935,0.003228952,0.360796428,0.033126109,0.054139732,6.684491979,0.983996262,0.77264224,0.00803608,0.016072159,0.034229587,,83.85,93.27,
225,450,2.5,64,32,13,340,4,249,1.409332916,0.402756029,0.184613485,0.031278239,0.002171483,0.33413588,0.016988604,0.098076435,5.062992126,1.406134312,0.54,0.005721487,0.011442974,0.017288,0.030784892,109.46,126,2.69028766
876,876,2.87,89,26,19,496,6,345,3.446043165,0.35011361,0,0.024463995,0.004607523,0.4688237,0.061416789,0.062951934,4.684210527,0.786714176,0.77264224,0.006810343,0.013620686,0.054279749,0.05441425,85.28,98.17,3.994971356
876,876,2.87,64,33,19,496,6,345,3.446043165,0.251798561,0.114983423,0.024461935,0.006406652,0.362956886,0.066119991,0.076080797,3.368983957,0.682055864,0.77264224,0.00956929,0.01913858,0.067078114,,87.66,92.32,
876,876,2.87,64,33,19,496,6,345,3.446043165,0.251798561,0.114983423,0.024461935,0.006406652,0.362956886,0.066119991,0.072239218,3.368983957,0.682055864,0.77264224,0.008161957,0.016323914,0.066962712,,92.34,99.36,
1473,2946,6.44,457,33,25,331,9,400,3.711766188,1.151927438,0.072714879,0.019392547,0.000678195,0.193759888,0.008186665,0.017826054,18,1.278668208,3.483864,0.004628247,0.009256494,0.041406379,0.055268572,204.42,238.09,5.970789125
1473,2946,6.44,457,25,25,331,9,400,3.711766188,1.151927438,0.283723236,0.019392547,0.000678195,0.251507933,0.010626612,0.038640161,18,1.207435746,3.483864,0.003355564,0.006711128,0.020499655,,220.46,298.99,
1473,2946,6.44,457,33,25,331,10,400,3.71,1.152,0.07,0.0194,0.00068,0.193834355,0.008209651,0.018963469,18,1.300484478,3.483864,0.003462151,0.006924301,0.021721379,0.036643259,159.6,228.99,5.291979324
225,450,2.5,64,33,13,340,4,249,1.409332916,0.402756029,0.445686985,0.031278239,0.002171483,0.321985485,0.016370836,0.098349398,5.062992126,1.091237979,0.54,0.002076632,0.004153264,0.008391289,0.02385841,55.08,111.28,5.74449603
1473,2946,6.44,305,26,32,331,10,400,3.74,0.774193548,0.28,0.0303,0.00174,0.392957862,0.027267126,0.048689135,9.6,1.051571679,3.483864,0.005404879,0.010809758,0.022943276,0.035557735,259.6,361.98,3.289410688
508,1016,4,51,86,16,510,6,449,2.241341275,0.225016545,0.096265597,0.024621056,0.007450187,0.14588392,0.038863695,0.038666997,3.20754717,0.720463073,1.075266667,0.008302826,0.016605652,0.0426025,0.1229989,208.1,267.56,7.407050462
508,1016,4,51,86,16,510,6,449,2.241341275,0.225016545,0.192531195,0.024621056,0.007450187,0.14588392,0.038863695,0.058675439,3.20754717,0.765313849,1.075266667,0.005470452,0.010940904,0.0345685,,238.99,324.11,
1473,2946,6.44,305,21,29,434,9,476,3.757683969,0.777451856,0.151260898,0.024758893,0.000678195,0.509292883,0.015286502,0.043169252,10.62020906,0.995586655,3.483864,0.005547549,0.011095098,0.037396552,0.050370181,207.05,297.07,4.539859077
1473,2946,6.44,305,21,29,434,9,476,3.757683969,0.777451856,0.605270368,0.024758893,0.000678195,0.509292883,0.015286502,0.064171821,10.62020906,0.670771551,3.483864,0.003643177,0.007286354,0.018086207,0.030612319,212.7,292.47,4.201322258
1473,2946,6.44,305,22,29,434,9,476,3.757683969,0.777451856,0.146403896,0.024758893,0.00068,0.492939441,0.014835029,0.042562315,10.62020906,0.997587369,3.483864,0.003922402,0.007844804,0.018396552,0.034705412,135.16,230.7,4.423999694
2400,2400,6,199,31,19,323,9,258,7.239904988,0.600309989,0,0.014176494,0.001598427,0.148832069,0.013424882,0.013865601,10.47368421,0.476428867,5.333312,0.00575769,0.01151538,0.039470938,,106.11,128.11,
2400,2400,6,199,28,19,323,9,258,7.239904988,0.600309989,0,0.017720617,0.001598427,0.201439666,0.014536135,0.014280268,10.47368421,0.573879275,5.333312,0.004307548,0.008615096,0.023791698,0.032034495,150.3,159.99,3.718414148
2500,2500,5,254,31,13,323,9,258,5.56167712,0.565067526,0,0.021237251,0.002003697,0.219601891,0.016575239,0.017638172,19.53846152,0.653263809,4.16665,0.00397247,0.00794494,0.016180036,0.029893828,126.43,152.64,3.762625028
2500,2500,5,254,32,13,323,9,258,5.56167712,0.565067526,0,0.021237251,0.002003697,0.214113559,0.016160988,0.016954697,19.53846152,0.650548699,4.16665,0.003166059,0.006332118,0.01611999,0.025437233,109.03,154.21,4.017176002
455,910,2.22,89,35,19,441,6,414,1.231367253,0.240866035,0.162437421,0.030066674,0.005525029,0.379601198,0.065484497,0.117179771,4.684407765,0.983323093,1.571666666,0.005042242,0.010084484,0.022127949,0.027009229,241.58,310.61,2.67829569
2500,2500,5,254,32,13,323,9,258,5.56167712,0.565067526,0,0.021237251,0.002003697,0.215459762,0.016262597,0.015447853,19.53846152,0.651220393,4.16665,0.002968372,0.005936744,0.027024028,0.030080741,141.63,163.03,5.066875065
1750,1750,3.5,254,32,13,323,9,258,3.893202238,0.565067526,0,0.021237251,0.002003697,0.21539205,0.016257487,0.023586819,19.53846152,0.775726339,4.16665,0.004444025,0.008888051,0.017971349,0.026764348,218.1,220.32,3.011273148
1750,1750,3.5,254,33,13,323,9,258,3.893202238,0.565067526,0,0.021237251,0.002003697,0.205942759,0.015544268,0.019049771,19.53846152,0.768457437,4.16665,0.002855122,0.005710243,0.013371361,0.029069043,199.83,230.03,5.090683971
1160,1160,2.32,50,33,13,323,9,258,2.580606883,0.111233765,0,0.021237251,0.010178781,0.207627235,0.079610762,0.050890217,3.846153843,0.376290915,4.16665,0.003075735,0.006151471,0.019439883,0.027820649,282.25,372.57,4.522601224
500,500,2.5,100,20,13,434,6,558,2.890174313,0.578036019,0.100175621,0.019924629,0.002827439,0.441554796,0.080562526,0.078847715,7.689468504,0.716499831,0.666664,0.002144826,0.004289651,0.017165862,0.031174558,56.12,72.15,7.267387752
500,500,2.5,100,20,13,434,6,558,2.890174313,0.578036019,0.100175621,0.019924629,0.002827439,0.441554796,0.080562526,0.107810482,7.689468504,0.716499831,0.666664,0.002425303,0.004850607,0.012473965,,53.64,68.96,
500,500,2.5,100,20,13,434,6,558,2.890174313,0.578036019,0.200351241,0.019924629,0.002827439,0.441554796,0.080562526,0.103154118,7.689468504,0.75763557,0.666664,0.002389671,0.004779342,0.012194056,0.01929807,60.21,78.43,4.037809116
500,500,2.5,100,20,13,434,6,558,2.890174313,0.578036019,0.200351241,0.026566171,0.002827439,0.588739706,0.080562526,0.11403338,7.689468504,0.797814843,0.666664,0.002511744,0.005023488,0.012277877,0.01429943,61.8,77.45,2.846514322
500,500,2.5,100,20,10,345,6,475,2.890174313,0.578036019,0.100175621,0.019664889,0.002827439,0.345872726,0.068627337,0.099536911,9.992405772,0.659774163,0.666664,0.001556619,0.003113238,0.007353823,,39.81,54.74,
500,500,2.5,100,20,10,345,6,475,2.890174313,0.578036019,0.200351241,0.019664889,0.002827439,0.345872726,0.068627337,0.090034654,9.992405772,0.717816531,0.666664,0.001980239,0.003960478,0.018064008,,61.66,64.94,
455,910,3.96,89,35,19,441,6,414,2.401003694,0.469656992,0.162437421,0.030066674,0.005525029,0.379601198,0.065484497,0.057225277,4.684407765,1.161558997,1.571666666,0.006313179,0.012626358,0.0274929,0.041450629,202.02,263.16,3.282865
500,500,2.5,100,20,10,345,6,475,2.890174313,0.578036019,0.200351241,0.019664889,0.002827439,0.345872726,0.068627337,0.084091947,9.992405772,0.717816531,0.666664,0.001794162,0.003588324,0.018917958,,58.47,63.61,
600,600,3,100,18,13,462,6,324,3.333145195,0.55552531,0.223131371,0.019924629,0.002827439,0.522985196,0.05206124,0.084834588,7.689468504,0.996567277,0.666664,0.003100267,0.006200535,0.021516806,,55.45,66.95,
400,400,2,100,18,13,462,6,324,2.222096797,0.55552531,0.223131371,0.019924629,0.002827439,0.522985196,0.05206124,0.112165138,7.689468504,1.192182558,0.666664,0.002537292,0.005074584,0.010252731,0.014351452,45.3,91.52,2.828104263
600,600,3,200,18,13,462,6,324,3.333145195,1.111050621,0.557828428,0.019924629,0.00141372,0.522985196,0.026030629,0.068190739,15.37893701,1.250263148,0.666664,0.005217066,0.010434132,0.017050207,,81.52,82.35,
400,800,4,120,33,10,379,4,648,2.222096797,0.666630372,0.119297289,0.011798934,0.0010472,0.135926626,0.020618204,0.066858254,11.99088693,0.781382261,0.666664,0.010474219,0.020948438,0.040050165,,73.58,75.09,
400,800,4,100,15,9,324,4,524,2.222096797,0.55552531,0.265913335,0.009542626,0.00125664,0.209396777,0.044588962,0.121828863,11.1111111,0.697086264,0.666664,0.005071809,0.010143618,0.020335281,,45.36,45.83,
400,800,4,100,13,9,324,4,524,2.222096797,0.55552531,0.299609223,0.009542626,0.00125664,0.235931025,0.050239166,0.133462524,11.1111111,0.68620345,0.666664,0.00505833,0.010116659,0.020527686,,51,58.71,
400,800,4,100,14,10,372,4,524,2.222096797,0.55552531,0.281757417,0.011798934,0.00125664,0.315193314,0.047245734,0.126849418,9.992405772,0.839451244,0.666664,0.004844278,0.009688555,0.020024765,,53.78,66.56,
400,800,4,100,13,10,372,4,524,2.222096797,0.55552531,0.299609223,0.011798934,0.00125664,0.335163577,0.050239166,0.130717269,9.992405772,0.834913202,0.666664,0.004282365,0.00856473,0.019722504,,58.45,66.51,
500,500,2.5,100,20,13,524,7,351,2.941132527,0.588227682,0.197627433,0.013283086,0.003318314,0.350284503,0.05872157,0.098057074,7.689468504,0.751265298,0.666664,0.004141258,0.008282515,0.016734061,0.019387763,36.59,73.93,2.340806148
